Year,Month,Day,Time,Lat,Lon,Depth,Mag,Region,Timestamp
2026,05,10,22:01:15,9.2396,39.9505,10,4.3,"36 km NW of Āwash, Ethiopia",1778450475
2026,04,01,19:46:02,9.0104,39.9468,10,4.3,"12 km NNE of Metahāra, Ethiopia",1775072762
2026,03,21,19:14:45,8.5088,39.9617,10,4.3,"43 km S of Metahāra, Ethiopia",1774120485
2026,02,15,19:39:18,9.0119,39.7337,10,4.6,"23 km WNW of Metahāra, Ethiopia",1771184358
2025,11,17,21:59:24,8.7933,39.92,10,4.5,"11 km S of Metahāra, Ethiopia",1763416764
2025,10,26,05:24:17,9.6107,39.7979,10,4.9,"26 km S of Debre Sīna, Ethiopia",1761456257
2025,09,15,18:03:06,10.5421,40.4906,10,4.2,"44 km NNW of Gewanē, Ethiopia",1757959386
2025,08,08,22:18:32,9.5103,40.1191,10,4.6,"54 km SE of Debre Sīna, Ethiopia",1754691512
2025,03,31,22:13:46,9.464,40.0975,10,4.3,"53 km N of Āwash, Ethiopia",1743459226
2025,03,17,12:33:55,9.3026,40.0862,10,4.4,"36 km NNW of Āwash, Ethiopia",1742214835
2025,03,16,21:20:15,9.4384,39.9008,10,4.2,"47 km SSE of Debre Sīna, Ethiopia",1742160015
2025,03,16,18:53:09,9.4456,40.043,10,5.4,"52 km NNW of Āwash, Ethiopia",1742151189
2025,02,27,08:27:48,9.2088,40.2896,10,4.7,"28 km NNE of Āwash, Ethiopia",1740644868
2025,02,26,07:37:40,8.5313,40.2503,10,4.1,"43 km SW of Gelemso, Ethiopia",1740555460
2025,02,24,00:52:18,9.5356,40.2869,10,4.5,"59 km SE of Abomsa, Ethiopia",1740358338
2025,02,24,00:33:03,8.9314,39.8634,10,4.5,"6 km WNW of Metahāra, Ethiopia",1740357183
2025,02,24,00:12:05,9.4122,40.1107,10,4.3,"47 km N of Āwash, Ethiopia",1740355925
2025,02,23,23:44:50,9.383,40.4605,10,5.3,"54 km NE of Āwash, Ethiopia",1740354290
2025,02,20,12:39:44,8.9537,39.9488,10,4.1,"6 km NNE of Metahāra, Ethiopia",1740055184
2025,02,20,10:25:16,8.9326,39.9531,10,4.5,"5 km NE of Metahāra, Ethiopia",1740047116
2025,02,14,20:28:25,8.9439,39.9079,25,5.9,"4 km N of Metahāra, Ethiopia",1739564905
2025,02,12,09:42:22,8.8532,39.8813,10,4.3,"6 km SW of Metahāra, Ethiopia",1739353342
2025,02,07,09:57:24,9.1359,40.0897,10,4.8,"18 km NNW of Āwash, Ethiopia",1738922244
2025,02,07,08:19:43,9.0972,40.0835,10,4.6,"15 km NW of Āwash, Ethiopia",1738916383
2025,02,04,18:37:17,9.2076,39.9892,10,4.3,"31 km NW of Āwash, Ethiopia",1738694237
2025,02,04,18:12:15,8.9165,40.1433,10,4.3,"7 km SSW of Āwash, Ethiopia",1738692735
2025,02,04,17:58:47,8.8958,40.094,10,4.2,"12 km SW of Āwash, Ethiopia",1738691927
2025,02,04,17:39:59,8.7436,39.8619,10,4.2,"18 km SSW of Metahāra, Ethiopia",1738690799
2025,02,04,17:38:22,8.7646,39.9717,10,4.3,"16 km SSE of Metahāra, Ethiopia",1738690702
2025,02,04,17:29:57,8.9404,40.1734,10,4.3,"4 km S of Āwash, Ethiopia",1738690197
2025,02,02,01:35:53,9.0549,40.037,10,4.6,"16 km WNW of Āwash, Ethiopia",1738460153
2025,01,31,09:23:00,9.2635,40.0724,10,4.5,"32 km NNW of Āwash, Ethiopia",1738315380
2025,01,31,09:22:20,9.6489,39.9118,10,4.2,"27 km SE of Debre Sīna, Ethiopia",1738315340
2025,01,31,09:02:51,9.6881,39.8966,10,4.4,"23 km SE of Debre Sīna, Ethiopia",1738314171
2025,01,31,09:01:24,9.1929,40.0645,10,4.4,"25 km NNW of Āwash, Ethiopia",1738314084
2025,01,28,20:22:52,9.1844,40.1475,10,4.5,"22 km N of Āwash, Ethiopia",1738095772
2025,01,27,07:38:27,9.3051,40.2425,10,4.7,"36 km NNE of Āwash, Ethiopia",1737963507
2025,01,24,14:06:28,9.162,40.0669,10,4.3,"22 km NNW of Āwash, Ethiopia",1737727588
2025,01,24,13:56:53,9.1487,40.0209,10,4.6,"24 km NW of Āwash, Ethiopia",1737727013
2025,01,24,13:54:26,9.1373,40.163,10,4.7,"17 km N of Āwash, Ethiopia",1737726866
2025,01,24,12:28:05,9.1091,40.1162,10,4.4,"14 km NNW of Āwash, Ethiopia",1737721685
2025,01,24,12:03:17,8.9333,40.125,10,4.2,"7 km SW of Āwash, Ethiopia",1737720197
2025,01,24,01:01:42,9.192,39.9951,10,4.6,"29 km NW of Āwash, Ethiopia",1737680502
2025,01,23,16:19:28,8.9016,40.0624,10,4.6,"14 km SW of Āwash, Ethiopia",1737649168
2025,01,23,09:32:43,9.0616,39.9237,10,4.4,"17 km N of Metahāra, Ethiopia",1737624763
2025,01,23,05:22:53,9.0286,39.9173,10,5,"14 km N of Metahāra, Ethiopia",1737609773
2025,01,23,05:21:58,8.9384,39.9912,10,4.3,"9 km ENE of Metahāra, Ethiopia",1737609718
2025,01,23,05:21:39,8.4571,39.9162,10,4.1,"48 km S of Metahāra, Ethiopia",1737609699
2025,01,23,04:26:59,9.2231,39.8633,10,4.3,"36 km N of Metahāra, Ethiopia",1737606419
2025,01,23,04:16:53,8.5169,39.9658,10,4.5,"42 km S of Metahāra, Ethiopia",1737605813
2025,01,23,03:38:38,8.4547,40.0227,10,4.5,"50 km SSE of Metahāra, Ethiopia",1737603518
2025,01,23,03:06:16,9.0283,39.9365,10,4.4,"14 km N of Metahāra, Ethiopia",1737601576
2025,01,23,02:18:06,8.9384,39.8248,10,4.5,"10 km WNW of Metahāra, Ethiopia",1737598686
2025,01,23,02:10:11,8.9877,39.9479,10,4.4,"10 km NNE of Metahāra, Ethiopia",1737598211
2025,01,23,02:04:28,8.9618,39.9871,10,4.3,"10 km NE of Metahāra, Ethiopia",1737597868
2025,01,23,01:53:07,8.8639,39.6185,10,4.2,"33 km W of Metahāra, Ethiopia",1737597187
2025,01,23,01:46:45,8.4202,39.9703,10,4.1,"53 km S of Metahāra, Ethiopia",1737596805
2025,01,23,01:37:34,9.642,39.423,10,4.4,"12 km WSW of Debre Birhan, Ethiopia",1737596254
2025,01,23,01:20:00,8.9554,39.7971,10,4.3,"14 km WNW of Metahāra, Ethiopia",1737595200
2025,01,21,21:44:48,9.1255,40.0586,10,5.1,"19 km NW of Āwash, Ethiopia",1737495888
2025,01,20,13:44:10,9.2812,40.0289,10,4.4,"36 km NNW of Āwash, Ethiopia",1737380650
2025,01,20,12:32:07,9.1299,40.1554,10,4.2,"16 km N of Āwash, Ethiopia",1737376327
2025,01,20,04:37:55,9.2025,40.1122,10,4.4,"24 km NNW of Āwash, Ethiopia",1737347875
2025,01,20,02:56:32,9.0842,40.1491,10,4.4,"11 km N of Āwash, Ethiopia",1737341792
2025,01,19,23:26:19,9.1747,40.186,10.3,4.3,"21 km N of Āwash, Ethiopia",1737329179
2025,01,19,21:57:06,9.1739,40.1269,14.5,4.3,"21 km NNW of Āwash, Ethiopia",1737323826
2025,01,19,20:38:44,9.2064,40.1581,10,4.2,"24 km N of Āwash, Ethiopia",1737319124
2025,01,19,07:31:33,9.2045,40.1183,10,4.2,"25 km NNW of Āwash, Ethiopia",1737271893
2025,01,18,16:42:50,8.9656,39.6006,10,4.1,"35 km WNW of Metahāra, Ethiopia",1737218570
2025,01,17,20:59:58,8.7039,39.5813,10,4.5,"38 km ENE of Nazrēt, Ethiopia",1737147598
2025,01,17,17:58:22,8.8566,39.9826,10,4.5,"8 km ESE of Metahāra, Ethiopia",1737136702
2025,01,17,17:18:38,9.1833,39.8484,10,4.5,"32 km NNW of Metahāra, Ethiopia",1737134318
2025,01,17,12:04:36,8.7355,40.0771,10,4.5,"25 km SE of Metahāra, Ethiopia",1737115476
2025,01,17,11:35:53,9.2557,39.9695,10,4.3,"37 km NW of Āwash, Ethiopia",1737113753
2025,01,17,01:46:17,9.4483,40.0545,10,4.7,"52 km NNW of Āwash, Ethiopia",1737078377
2025,01,16,20:24:27,8.9655,40.1118,10,4.7,"6 km WSW of Āwash, Ethiopia",1737059067
2025,01,16,02:36:52,8.6792,40.1968,10,4.5,"33 km S of Āwash, Ethiopia",1736995012
2025,01,16,02:22:03,8.7436,40.1064,10,4.2,"27 km SE of Metahāra, Ethiopia",1736994123
2025,01,16,02:17:43,9.0508,40.0757,10,4.3,"12 km NW of Āwash, Ethiopia",1736993863
2025,01,15,00:22:52,9.066,40.1425,10,4.2,"9 km NNW of Āwash, Ethiopia",1736900572
2025,01,14,23:32:40,8.991,39.8879,10,4.3,"10 km NNW of Metahāra, Ethiopia",1736897560
2025,01,14,15:17:58,9.1593,40.0508,10,4.4,"23 km NNW of Āwash, Ethiopia",1736867878
2025,01,14,15:01:22,9.1378,40.0387,10,4.4,"22 km NW of Āwash, Ethiopia",1736866882
2025,01,14,14:55:56,8.7904,40.0596,10,5,"19 km SE of Metahāra, Ethiopia",1736866556
2025,01,14,14:24:58,8.811,40.1304,10,4.2,"19 km SSW of Āwash, Ethiopia",1736864698
2025,01,14,10:45:08,8.7629,40.1915,10,4.4,"24 km S of Āwash, Ethiopia",1736851508
2025,01,14,01:31:39,9.0032,39.9748,10,4.6,"13 km NNE of Metahāra, Ethiopia",1736818299
2025,01,13,20:24:35,9.1389,40.0888,10,4.8,"19 km NNW of Āwash, Ethiopia",1736799875
2025,01,13,15:18:59,9.3083,39.9826,10,4.5,"41 km NNW of Āwash, Ethiopia",1736781539
2025,01,13,15:17:19,8.6334,40.1627,10,4.4,"38 km S of Āwash, Ethiopia",1736781439
2025,01,13,15:01:16,8.8957,40.1215,10,4.3,"10 km SSW of Āwash, Ethiopia",1736780476
2025,01,13,13:36:06,9.0371,40.0961,10,4.4,"9 km NW of Āwash, Ethiopia",1736775366
2025,01,13,06:22:14,8.9472,39.9698,10,4.6,"7 km NE of Metahāra, Ethiopia",1736749334
2025,01,13,03:34:24,8.9815,39.9115,10,4.4,"9 km N of Metahāra, Ethiopia",1736739264
2025,01,13,01:43:06,8.9519,40.0765,9,4.3,"10 km WSW of Āwash, Ethiopia",1736732586
2025,01,12,20:59:06,9.1671,39.9511,10,4.4,"29 km N of Metahāra, Ethiopia",1736715546
2025,01,12,19:49:15,8.857,39.903,10,4.9,"4 km SSW of Metahāra, Ethiopia",1736711355
2025,01,12,12:26:04,9.1658,40.0359,10,4.4,"24 km NW of Āwash, Ethiopia",1736684764
2025,01,12,11:55:43,9.1322,39.9015,10,4.5,"25 km N of Metahāra, Ethiopia",1736682943
2025,01,12,11:26:00,9.1686,40.0825,10,4.4,"22 km NNW of Āwash, Ethiopia",1736681160
2025,01,12,07:21:47,9,39.7349,10,4.8,"22 km WNW of Metahāra, Ethiopia",1736666507
2025,01,12,01:27:29,9.0325,39.9831,10,4.4,"16 km NNE of Metahāra, Ethiopia",1736645249
2025,01,12,00:55:00,8.1094,40.1636,10,4.5,"78 km ESE of Sīrē, Ethiopia",1736643300
2025,01,11,15:19:44,9.0768,40.2736,10,5.2,"15 km NE of Āwash, Ethiopia",1736608784
2025,01,11,03:22:43,9.2666,40.2043,10,4.4,"31 km N of Āwash, Ethiopia",1736565763
2025,01,11,01:50:24,8.874,40.2923,10,4.4,"18 km SE of Āwash, Ethiopia",1736560224
2025,01,11,00:22:29,9.251,40.0124,10,4.5,"34 km NNW of Āwash, Ethiopia",1736554949
2025,01,11,00:19:00,9.2627,40.1665,10,5.2,"30 km N of Āwash, Ethiopia",1736554740
2025,01,10,23:58:28,9,40.1239,10,4.5,"5 km WNW of Āwash, Ethiopia",1736553508
2025,01,10,23:43:15,9.4012,40.066,10,4.6,"47 km NNW of Āwash, Ethiopia",1736552595
2025,01,10,23:42:57,9.0825,40.0564,10,4.6,"16 km NW of Āwash, Ethiopia",1736552577
2025,01,10,13:10:28,8.7918,39.9655,10,4.8,"13 km SSE of Metahāra, Ethiopia",1736514628
2025,01,10,09:57:50,8.9105,39.9145,10,4.7,"1 km NNW of Metahāra, Ethiopia",1736503070
2025,01,10,07:48:59,9.1716,40.0741,10,4.2,"23 km NNW of Āwash, Ethiopia",1736495339
2025,01,10,06:50:05,9.0696,40.1019,10,4.4,"11 km NW of Āwash, Ethiopia",1736491805
2025,01,10,06:01:11,9.2884,39.8686,10,4,"43 km N of Metahāra, Ethiopia",1736488871
2025,01,10,05:40:34,8.2718,40.2456,10,4.3,"67 km SSW of Gelemso, Ethiopia",1736487634
2025,01,10,05:37:30,9.0448,39.9543,10,4.4,"16 km NNE of Metahāra, Ethiopia",1736487450
2025,01,10,05:30:22,8.8379,40.0586,10,4.3,"17 km ESE of Metahāra, Ethiopia",1736487022
2025,01,10,05:29:31,9.2797,39.9354,10,4.5,"41 km NW of Āwash, Ethiopia",1736486971
2025,01,10,05:27:47,9.018,40.0741,10,4,"10 km WNW of Āwash, Ethiopia",1736486867
2025,01,10,04:57:55,9.3151,39.9706,10,4.4,"42 km NNW of Āwash, Ethiopia",1736485075
2025,01,10,02:02:34,9.034,40.1403,10,4.5,"6 km NNW of Āwash, Ethiopia",1736474554
2025,01,10,00:15:50,8.2877,40.2719,10,4.4,"64 km SSW of Gelemso, Ethiopia",1736468150
2025,01,09,15:27:21,9.1416,40.0313,10,4.4,"22 km NW of Āwash, Ethiopia",1736436441
2025,01,09,06:26:45,8.9643,40.088,10,4.4,"8 km WSW of Āwash, Ethiopia",1736404005
2025,01,09,05:59:03,8.7882,39.8111,10,4.3,"16 km SW of Metahāra, Ethiopia",1736402343
2025,01,09,05:25:33,9.3195,39.9516,10,4.4,"44 km NNW of Āwash, Ethiopia",1736400333
2025,01,09,04:38:39,9.1258,40.0863,10,4.5,"18 km NNW of Āwash, Ethiopia",1736397519
2025,01,09,04:32:01,9.3215,40.0028,10,4.2,"41 km NNW of Āwash, Ethiopia",1736397121
2025,01,09,02:14:46,9.0347,39.8421,10,4.4,"17 km NNW of Metahāra, Ethiopia",1736388886
2025,01,09,01:23:16,9.0548,40.1678,10,4.6,"7 km N of Āwash, Ethiopia",1736385796
2025,01,08,23:32:13,8.8131,39.9934,10,4.4,"12 km SE of Metahāra, Ethiopia",1736379133
2025,01,08,23:13:33,8.8125,40.0164,10,4.4,"14 km SE of Metahāra, Ethiopia",1736378013
2025,01,08,22:17:08,9.1666,39.9447,10,4.6,"29 km N of Metahāra, Ethiopia",1736374628
2025,01,08,22:15:31,9.1109,40.0819,10,4.4,"16 km NNW of Āwash, Ethiopia",1736374531
2025,01,08,22:07:41,9.1826,40.0417,10,4.9,"25 km NNW of Āwash, Ethiopia",1736374061
2025,01,08,21:35:43,9.0381,40.044,10,4.4,"14 km WNW of Āwash, Ethiopia",1736372143
2025,01,08,20:56:14,8.8807,40.0795,10,4.6,"14 km SW of Āwash, Ethiopia",1736369774
2025,01,08,19:18:11,8.228,40.0782,10,4.3,"66 km E of Sīrē, Ethiopia",1736363891
2025,01,08,18:26:50,8.5512,39.9957,10,4.4,"39 km SSE of Metahāra, Ethiopia",1736360810
2025,01,08,12:11:03,8.9634,40.0315,10,4.3,"14 km ENE of Metahāra, Ethiopia",1736338263
2025,01,08,08:27:36,9.0508,40.2249,10,4.5,"9 km NE of Āwash, Ethiopia",1736324856
2025,01,08,05:31:42,9.3174,39.9885,10,4.3,"41 km NNW of Āwash, Ethiopia",1736314302
2025,01,08,00:53:28,9.0325,40.0665,10,5.3,"12 km WNW of Āwash, Ethiopia",1736297608
2025,01,08,00:49:47,9.2331,40.0431,10,4.7,"30 km NNW of Āwash, Ethiopia",1736297387
2025,01,07,23:26:45,8.9091,40.0694,10,4.4,"13 km SW of Āwash, Ethiopia",1736292405
2025,01,07,15:40:57,8.6761,39.6387,10,4.5,"39 km SW of Metahāra, Ethiopia",1736264457
2025,01,07,08:25:52,8.9514,39.9514,10,4.9,"6 km NE of Metahāra, Ethiopia",1736238352
2025,01,07,08:15:25,7.9214,40.1279,10,4.3,"83 km ESE of Sīrē, Ethiopia",1736237725
2025,01,06,23:22:57,9.2364,39.9932,10,4.5,"33 km NW of Āwash, Ethiopia",1736205777
2025,01,06,21:46:19,9.5064,39.7283,10,4.3,"28 km SE of Debre Birhan, Ethiopia",1736199979
2025,01,06,01:48:46,9.2478,40.0766,10,4.4,"30 km NNW of Āwash, Ethiopia",1736128126
2025,01,06,01:33:19,9.2419,40.0597,10,4.5,"30 km NNW of Āwash, Ethiopia",1736127199
2025,01,06,00:50:00,8.6588,40.3056,10,4.3,"29 km SW of Gelemso, Ethiopia",1736124600
2025,01,06,00:37:31,8.9446,40.1269,10,4,"6 km SW of Āwash, Ethiopia",1736123851
2025,01,06,00:01:19,9.2432,40.1161,10,4.5,"29 km N of Āwash, Ethiopia",1736121679
2025,01,05,20:05:34,9.0716,40.0435,10,4.2,"16 km NW of Āwash, Ethiopia",1736107534
2025,01,05,19:48:49,9.32,39.9663,10,4.4,"43 km NNW of Āwash, Ethiopia",1736106529
2025,01,05,14:04:27,9.0565,40.148,10,4.4,"8 km NNW of Āwash, Ethiopia",1736085867
2025,01,05,13:08:34,9.198,40.1176,10,4.3,"24 km NNW of Āwash, Ethiopia",1736082514
2025,01,05,12:30:15,9.2306,39.9971,10,4.5,"33 km NW of Āwash, Ethiopia",1736080215
2025,01,05,12:22:22,8.7795,39.7366,10,4.5,"23 km SW of Metahāra, Ethiopia",1736079742
2025,01,05,12:14:59,9.1928,39.9963,10,4.5,"29 km NW of Āwash, Ethiopia",1736079299
2025,01,05,04:33:21,9.0813,39.8621,10,4.4,"20 km NNW of Metahāra, Ethiopia",1736051601
2025,01,04,23:03:57,8.8475,40.0324,10,4.6,"13 km ESE of Metahāra, Ethiopia",1736031837
2025,01,04,23:01:04,8.7931,40.0696,10,4.2,"20 km SE of Metahāra, Ethiopia",1736031664
2025,01,04,22:53:59,8.9228,40.0287,10,4.5,"12 km ENE of Metahāra, Ethiopia",1736031239
2025,01,04,22:37:42,9.3562,39.9059,10,4.1,"50 km NW of Āwash, Ethiopia",1736030262
2025,01,04,22:34:32,8.9801,39.916,10,4.4,"8 km N of Metahāra, Ethiopia",1736030072
2025,01,04,20:13:27,9.2018,40.1032,10,4.2,"25 km NNW of Āwash, Ethiopia",1736021607
2025,01,04,20:05:45,9.2988,40.1365,10,5,"35 km N of Āwash, Ethiopia",1736021145
2025,01,04,19:15:28,9.1682,40.1007,10,4.5,"21 km NNW of Āwash, Ethiopia",1736018128
2025,01,04,16:36:43,8.3884,40.1261,10,4.9,"61 km SSE of Metahāra, Ethiopia",1736008603
2025,01,04,16:14:00,8.7945,39.9686,10,4.2,"12 km SSE of Metahāra, Ethiopia",1736007240
2025,01,04,15:31:52,9.1378,39.9884,10,4.2,"26 km NW of Āwash, Ethiopia",1736004712
2025,01,04,15:29:13,9.2225,40.0246,10,4.6,"30 km NNW of Āwash, Ethiopia",1736004553
2025,01,04,12:36:10,8.3774,39.9403,10,4,"50 km E of Sīrē, Ethiopia",1735994170
2025,01,04,09:40:31,8.9617,40.0986,10,4.6,"7 km WSW of Āwash, Ethiopia",1735983631
2025,01,04,07:26:24,9.0796,40.0112,10,4.6,"20 km WNW of Āwash, Ethiopia",1735975584
2025,01,04,07:24:33,9.2902,40.0423,10,4.4,"36 km NNW of Āwash, Ethiopia",1735975473
2025,01,04,07:22:13,8.2819,40.2494,10,4.1,"66 km SSW of Gelemso, Ethiopia",1735975333
2025,01,04,07:05:39,9.2496,39.8904,10,4.3,"38 km N of Metahāra, Ethiopia",1735974339
2025,01,04,07:01:05,9.2002,40.1835,10,4.4,"24 km N of Āwash, Ethiopia",1735974065
2025,01,04,07:00:22,9.1219,40.012,10,4.7,"22 km NW of Āwash, Ethiopia",1735974022
2025,01,04,03:12:23,9.2309,40.1037,10,4.5,"28 km NNW of Āwash, Ethiopia",1735960343
2025,01,04,02:59:29,9.2896,40.1762,10,4.4,"33 km N of Āwash, Ethiopia",1735959569
2025,01,04,00:52:21,9.4995,40.1563,8,5.7,"56 km SSE of Abomsa, Ethiopia",1735951941
2025,01,04,00:31:25,9.3002,40.0526,10,4.3,"37 km NNW of Āwash, Ethiopia",1735950685
2025,01,03,23:43:26,9.395,39.9907,10,4.4,"49 km NNW of Āwash, Ethiopia",1735947806
2025,01,03,19:06:03,9.1464,40.0423,10,4.1,"22 km NW of Āwash, Ethiopia",1735931163
2025,01,03,17:01:46,9.3575,40.3457,10,5.5,"45 km NNE of Āwash, Ethiopia",1735923706
2025,01,03,14:27:16,9.0119,39.7855,10,5.2,"19 km NW of Metahāra, Ethiopia",1735914436
2025,01,03,14:26:48,8.8556,40.1642,10,4.3,"14 km S of Āwash, Ethiopia",1735914408
2025,01,03,14:00:41,9.1056,40.2401,10,4.3,"15 km NNE of Āwash, Ethiopia",1735912841
2025,01,03,09:40:15,9.2903,40.219,10,4.4,"34 km N of Āwash, Ethiopia",1735897215
2025,01,03,02:52:35,9.3289,39.9821,10,4.5,"43 km NNW of Āwash, Ethiopia",1735872755
2025,01,03,02:10:35,9.0262,40.1345,10,4.5,"5 km NW of Āwash, Ethiopia",1735870235
2025,01,03,01:34:22,9.0558,40.0835,10,4.6,"12 km NW of Āwash, Ethiopia",1735868062
2025,01,03,01:20:04,9.0629,40.043,10,4.5,"16 km WNW of Āwash, Ethiopia",1735867204
2025,01,03,00:18:00,9.1966,40.0185,10,4.5,"28 km NW of Āwash, Ethiopia",1735863480
2025,01,03,00:02:22,8.9279,40.1777,10,4.6,"6 km S of Āwash, Ethiopia",1735862542
2025,01,02,22:22:48,9.1351,40.1162,10,4.7,"17 km NNW of Āwash, Ethiopia",1735856568
2025,01,02,22:13:53,8.9952,40.1015,10,4.2,"7 km W of Āwash, Ethiopia",1735856033
2025,01,02,21:18:26,9.4464,40.2771,10,4.9,"52 km NNE of Āwash, Ethiopia",1735852706
2025,01,02,19:07:14,9.0905,40.0198,10,4,"20 km NW of Āwash, Ethiopia",1735844834
2025,01,02,17:28:58,9.0379,40.1455,10,4.9,"6 km NNW of Āwash, Ethiopia",1735838938
2025,01,02,16:26:07,9.1272,40.0993,10,4.6,"17 km NNW of Āwash, Ethiopia",1735835167
2025,01,02,15:30:59,9.1242,40.0443,10,4.5,"20 km NW of Āwash, Ethiopia",1735831859
2025,01,02,10:17:39,8.8432,39.9997,10,4.5,"11 km SE of Metahāra, Ethiopia",1735813059
2025,01,02,10:02:54,9.1608,39.8235,10,4.5,"30 km NNW of Metahāra, Ethiopia",1735812174
2025,01,02,09:56:34,8.9452,39.9411,10,4.4,"5 km NNE of Metahāra, Ethiopia",1735811794
2025,01,02,07:41:30,9.2824,40.1383,10,5.1,"33 km N of Āwash, Ethiopia",1735803690
2025,01,02,03:17:56,9.0855,40.084,10,4.2,"14 km NW of Āwash, Ethiopia",1735787876
2025,01,02,01:46:35,8.9591,40.0113,10,4.5,"12 km ENE of Metahāra, Ethiopia",1735782395
2025,01,02,01:23:10,9.3922,40.0553,10,4.5,"46 km NNW of Āwash, Ethiopia",1735780990
2025,01,02,00:12:52,9.4361,39.8846,10,4.3,"47 km SE of Debre Birhan, Ethiopia",1735776772
2025,01,01,20:14:09,9.2105,40.0299,10,4.3,"29 km NNW of Āwash, Ethiopia",1735762449
2025,01,01,15:26:08,9.1006,39.9902,10,4.8,"23 km WNW of Āwash, Ethiopia",1735745168
2025,01,01,15:13:25,8.8924,39.9283,10,4.2,"1 km ESE of Metahāra, Ethiopia",1735744405
2025,01,01,15:08:16,8.3761,39.9585,10,4.6,"52 km E of Sīrē, Ethiopia",1735744096
2025,01,01,15:08:00,8.834,39.9505,10,4.6,"8 km SSE of Metahāra, Ethiopia",1735744080
2025,01,01,14:43:17,9.0866,40.0881,10,4.4,"14 km NW of Āwash, Ethiopia",1735742597
2025,01,01,14:38:36,8.7032,40.1861,10,4.6,"31 km S of Āwash, Ethiopia",1735742316
2025,01,01,10:12:22,8.8427,39.6278,10,4.3,"32 km WSW of Metahāra, Ethiopia",1735726342
2025,01,01,09:56:05,9.1468,40.0226,10,4.6,"24 km NW of Āwash, Ethiopia",1735725365
2025,01,01,08:09:47,9.04,40.0863,10,5,"10 km NW of Āwash, Ethiopia",1735718987
2025,01,01,06:45:48,9.0746,40.0407,10,4.4,"17 km NW of Āwash, Ethiopia",1735713948
2025,01,01,03:27:56,9.1629,40.0071,10,4.5,"26 km NW of Āwash, Ethiopia",1735702076
2025,01,01,02:41:09,9.0584,40.1106,10,4.3,"10 km NW of Āwash, Ethiopia",1735699269
2024,12,31,23:28:55,9.1772,40.0124,10,4.3,"27 km NW of Āwash, Ethiopia",1735687735
2024,12,31,22:51:02,8.7905,40.2074,10,4.3,"21 km SSE of Āwash, Ethiopia",1735685462
2024,12,31,22:45:49,9.05,40.0003,10,4.3,"18 km NNE of Metahāra, Ethiopia",1735685149
2024,12,31,19:18:38,9.0825,40.0771,10,4.8,"14 km NW of Āwash, Ethiopia",1735672718
2024,12,31,18:37:24,9.2566,39.9713,10,4.3,"37 km NW of Āwash, Ethiopia",1735670244
2024,12,31,16:28:34,8.9233,39.977,10,4.3,"7 km ENE of Metahāra, Ethiopia",1735662514
2024,12,31,16:20:48,9.4158,39.9708,10,4.3,"52 km NNW of Āwash, Ethiopia",1735662048
2024,12,31,13:29:28,9.1217,39.9641,10,4.3,"25 km NNE of Metahāra, Ethiopia",1735651768
2024,12,31,12:04:51,9.1582,40.0809,10,4.2,"21 km NNW of Āwash, Ethiopia",1735646691
2024,12,31,11:33:06,8.7639,39.9753,10,4.3,"16 km SSE of Metahāra, Ethiopia",1735644786
2024,12,31,11:29:20,9.2046,40.0238,10,4.4,"29 km NNW of Āwash, Ethiopia",1735644560
2024,12,31,09:52:26,9.1889,39.7857,10,4.2,"35 km NNW of Metahāra, Ethiopia",1735638746
2024,12,31,08:35:14,9.1914,39.8858,10,4.2,"32 km N of Metahāra, Ethiopia",1735634114
2024,12,31,08:06:32,8.5425,40.2549,10,4.2,"41 km SW of Gelemso, Ethiopia",1735632392
2024,12,31,07:20:03,9.0231,39.9494,10,4.3,"14 km NNE of Metahāra, Ethiopia",1735629603
2024,12,31,06:01:45,8.861,39.9486,10,4.4,"5 km SE of Metahāra, Ethiopia",1735624905
2024,12,31,05:44:31,9.1637,39.8541,10,4.5,"29 km NNW of Metahāra, Ethiopia",1735623871
2024,12,31,01:38:40,9.2066,40.028,6.4,4.5,"29 km NNW of Āwash, Ethiopia",1735609120
2024,12,30,23:36:27,9.5417,40.0566,10,4.3,"46 km SE of Debre Sīna, Ethiopia",1735601787
2024,12,30,23:30:59,9.1189,39.9276,10,4.7,"24 km N of Metahāra, Ethiopia",1735601459
2024,12,30,22:13:14,9.1889,40.0589,10,4.8,"25 km NNW of Āwash, Ethiopia",1735596794
2024,12,30,21:20:58,9.5054,40.1066,10,4.2,"53 km SE of Debre Sīna, Ethiopia",1735593658
2024,12,30,20:48:47,9.377,40.0794,10,4.4,"44 km NNW of Āwash, Ethiopia",1735591727
2024,12,30,20:33:11,9.2103,40.0504,10,4.6,"28 km NNW of Āwash, Ethiopia",1735590791
2024,12,30,20:27:35,9.1221,40.098,10,4.7,"17 km NNW of Āwash, Ethiopia",1735590455
2024,12,30,14:26:55,8.9504,40.03,10,4.5,"13 km ENE of Metahāra, Ethiopia",1735568815
2024,12,30,12:23:14,8.2682,40.1841,10,4.3,"70 km SSW of Gelemso, Ethiopia",1735561394
2024,12,30,12:20:02,8.6362,40.0266,10,4.5,"31 km SSE of Metahāra, Ethiopia",1735561202
2024,12,30,08:30:45,8.6752,39.9121,10,4.4,"24 km S of Metahāra, Ethiopia",1735547445
2024,12,30,07:42:21,8.8054,40.1385,10,4.5,"19 km S of Āwash, Ethiopia",1735544541
2024,12,30,06:51:30,9.0206,40.0634,10,4.6,"12 km WNW of Āwash, Ethiopia",1735541490
2024,12,30,06:34:31,7.8688,40.194,10,4,"92 km ESE of Sīrē, Ethiopia",1735540471
2024,12,30,05:48:12,9.0039,40.0649,10,4.5,"11 km WNW of Āwash, Ethiopia",1735537692
2024,12,30,05:11:57,9.1018,40.003,10,4.4,"22 km NW of Āwash, Ethiopia",1735535517
2024,12,30,00:28:54,8.9976,40.1262,10,4.5,"4 km WNW of Āwash, Ethiopia",1735518534
2024,12,29,23:16:52,8.3718,40.1548,10,4.3,"63 km SW of Gelemso, Ethiopia",1735514212
2024,12,29,22:20:41,9.2514,40.0826,10,5.1,"31 km NNW of Āwash, Ethiopia",1735510841
2024,12,29,21:21:03,8.6607,40.1567,10,4.1,"35 km S of Āwash, Ethiopia",1735507263
2024,12,29,17:21:30,9.1409,40.037,10,4.4,"22 km NW of Āwash, Ethiopia",1735492890
2024,12,29,17:10:44,9.0898,40.1109,10,4.9,"13 km NNW of Āwash, Ethiopia",1735492244
2024,12,29,16:21:37,9.1531,39.9967,10,4.4,"26 km NW of Āwash, Ethiopia",1735489297
2024,12,29,07:19:14,9.2866,40.0536,10,4.4,"35 km NNW of Āwash, Ethiopia",1735456754
2024,12,29,04:02:06,8.838,40.0392,10,4.1,"15 km ESE of Metahāra, Ethiopia",1735444926
2024,12,29,03:57:23,9.2031,40.0245,10,4.8,"28 km NNW of Āwash, Ethiopia",1735444643
2024,12,29,03:19:04,8.8588,40.1572,10,4.1,"13 km S of Āwash, Ethiopia",1735442344
2024,12,29,02:13:15,8.8406,40.1491,10,4.4,"15 km S of Āwash, Ethiopia",1735438395
2024,12,29,01:51:37,8.6003,40.0868,10,4.4,"38 km SSE of Metahāra, Ethiopia",1735437097
2024,12,28,20:48:37,9.2716,40.1539,10,4.3,"31 km N of Āwash, Ethiopia",1735418917
2024,12,28,18:00:29,9.2999,40.0975,9.8,4.3,"35 km NNW of Āwash, Ethiopia",1735408829
2024,12,28,17:51:03,9.3084,40.0842,10,4.3,"37 km NNW of Āwash, Ethiopia",1735408263
2024,12,28,17:30:10,9.1064,40.002,10,4.3,"22 km NW of Āwash, Ethiopia",1735407010
2024,12,28,16:01:37,9.0005,40.0169,10,4.2,"15 km NE of Metahāra, Ethiopia",1735401697
2024,12,28,13:22:41,9.1023,39.8015,10,4.3,"25 km NNW of Metahāra, Ethiopia",1735392161
2024,12,28,07:43:17,9.7417,40.0345,10,4.4,"27 km SSE of Abomsa, Ethiopia",1735371797
2024,12,28,05:12:12,9.3374,39.9953,10,4.5,"43 km NNW of Āwash, Ethiopia",1735362732
2024,12,28,01:32:55,9.3433,39.8831,10,4.4,"49 km N of Metahāra, Ethiopia",1735349575
2024,12,27,18:57:59,9.2086,40.0655,10,4.3,"27 km NNW of Āwash, Ethiopia",1735325879
2024,12,27,17:18:09,8.9994,39.9832,10,4.3,"13 km NNE of Metahāra, Ethiopia",1735319889
2024,12,27,15:26:27,9.1922,39.937,10,4.7,"32 km N of Metahāra, Ethiopia",1735313187
2024,12,27,12:38:05,7.9097,40.3104,10,4.4,"95 km NNW of Ginir, Ethiopia",1735303085
2024,12,27,05:10:50,9.0933,40.1527,10,4.1,"12 km N of Āwash, Ethiopia",1735276250
2024,12,27,04:46:06,9.4471,40.0548,10,4.4,"52 km NNW of Āwash, Ethiopia",1735274766
2024,12,27,04:36:25,9.218,39.7716,10,4.2,"38 km NNW of Metahāra, Ethiopia",1735274185
2024,12,27,02:00:50,9.1692,39.917,10,4.9,"29 km N of Metahāra, Ethiopia",1735264850
2024,12,26,20:32:42,8.9264,40.0616,10,4.2,"13 km WSW of Āwash, Ethiopia",1735245162
2024,12,26,16:28:59,9.0888,40.0547,10,4.4,"16 km NW of Āwash, Ethiopia",1735230539
2024,12,25,09:12:48,8.4367,40.168,10,4.2,"56 km SW of Gelemso, Ethiopia",1735117968
2024,12,25,03:41:25,8.4549,40.0428,10,4.3,"51 km SSE of Metahāra, Ethiopia",1735098085
2024,12,24,15:46:25,8.9347,40.1806,10,4.4,"5 km SSE of Āwash, Ethiopia",1735055185
2024,12,24,12:05:14,8.9327,39.9828,10,4.5,"8 km ENE of Metahāra, Ethiopia",1735041914
2024,12,24,09:45:49,9.0038,39.9266,10,4.5,"11 km N of Metahāra, Ethiopia",1735033549
2024,12,23,19:41:24,8.9768,39.9298,10,4.9,"8 km N of Metahāra, Ethiopia",1734982884
2024,12,23,01:13:53,8.9408,39.9761,10,4.6,"7 km NE of Metahāra, Ethiopia",1734916433
2024,12,23,01:12:40,8.8545,39.9293,10,4.2,"5 km SSE of Metahāra, Ethiopia",1734916360
2024,12,23,00:11:13,8.2587,39.9875,10,4.3,"55 km E of Sīrē, Ethiopia",1734912673
2024,12,22,13:39:47,8.909,39.9218,10,4.3,"1 km NNE of Metahāra, Ethiopia",1734874787
2024,12,21,08:20:39,8.9536,39.9227,10,4.5,"5 km N of Metahāra, Ethiopia",1734769239
2024,11,02,21:04:13,9.2356,40.1179,10,4.7,"28 km N of Āwash, Ethiopia",1730581453
2024,11,01,21:13:22,9.2572,40.1009,10,4.6,"31 km NNW of Āwash, Ethiopia",1730495602
2024,11,01,18:55:29,8.9786,40.1166,10,4.6,"5 km W of Āwash, Ethiopia",1730487329
2024,10,26,12:22:02,9.0897,39.9217,10,4.8,"20 km N of Metahāra, Ethiopia",1729945322
2024,10,26,12:21:38,9.1078,39.8591,10,4.7,"23 km NNW of Metahāra, Ethiopia",1729945298
2024,10,17,09:10:07,9.0536,40.0971,10,4.5,"10 km NW of Āwash, Ethiopia",1729156207
2024,10,16,20:11:28,9.148,40.1287,10,4.6,"18 km NNW of Āwash, Ethiopia",1729109488
2024,10,13,04:37:52,9.0816,39.9608,10,4.6,"20 km NNE of Metahāra, Ethiopia",1728794272
2024,10,07,18:20:00,9.1173,40.1096,10,4.2,"16 km NNW of Āwash, Ethiopia",1728325200
2024,10,06,17:10:04,9.2342,40.189,10,5.3,"27 km N of Āwash, Ethiopia",1728234604
2024,09,30,02:44:33,9.1058,40.0807,10,4.5,"16 km NW of Āwash, Ethiopia",1727664273
2024,09,27,23:47:54,9.0388,40.0402,10.3,4.5,"15 km WNW of Āwash, Ethiopia",1727480874
2024,09,27,23:45:24,8.8155,40.077,8.9,4.5,"19 km ESE of Metahāra, Ethiopia",1727480724
2024,09,27,12:20:07,9.1917,40.0339,10,4.5,"27 km NNW of Āwash, Ethiopia",1727439607
2024,09,27,04:36:19,8.8728,39.9797,10,4.9,"7 km ESE of Metahāra, Ethiopia",1727411779
2022,03,08,19:51:42,10.1608,41.5797,10,4.3,"70 km NNW of Dire Dawa, Ethiopia",1646769102
2021,10,27,00:35:58,10.4691,41.519,10,4.4,"101 km ENE of Gewan?, Ethiopia",1635294958
2021,10,24,14:26:23,10.1505,41.4644,10,4.6,"75 km NW of Dire Dawa, Ethiopia",1635085583
2021,10,18,22:21:32,10.1039,41.5128,10,4.5,"68 km NW of Dire Dawa, Ethiopia",1634595692
2021,10,15,17:42:25,9.9993,41.614,8.7,4.5,"52 km NNW of Dire Dawa, Ethiopia",1634319745
2021,05,15,06:13:34,9.1826,39.6144,10,4,"45 km NW of Metahāra, Ethiopia",1621059214
2020,01,20,03:19:59,10.5658,39.8762,10,4.5,"16km S of Kemise, Ethiopia",1579490399
2017,01,27,16:29:22,7.671,38.6682,10,5.3,"29km S of Ziway, Ethiopia",1485534562
2015,10,29,00:35:36,9.0216,39.7736,16.8,4.3,"20km NW of Metahara, Ethiopia",1446078936
2014,06,20,12:42:11,10.6937,38.9343,10,4.2,"55km W of Were Ilu, Ethiopia",1403268131
2009,12,22,03:39:07,10.224,40.846,10,5,"Ethiopia",1261453147
2009,09,19,17:56:09,9.563,40.181,10,4.5,"Ethiopia",1253382969
2007,07,08,18:31:30,10.327,40.257,10,4.1,"Ethiopia",1183919490
2007,05,17,00:21:38,9.765,40.669,10,4.4,"Ethiopia",1179361298
2006,07,04,05:51:58,7.917,39.009,10,4.5,"Ethiopia",1151992318
2004,01,18,06:27:00,10.656,39.668,10,4.6,"Ethiopia",1074407220
2000,05,16,20:47:51,10.091,41.233,10,4.4,"Ethiopia",958510071
2000,05,12,17:54:03,10.001,41.079,10,4.3,"Ethiopia",958154043
2000,05,10,08:43:31,10.223,41.138,10,4,"Ethiopia",957948211
1999,06,17,12:34:54,10.779,41.27,10,4.5,"Ethiopia",929622894
1993,02,13,02:25:49,8.331,39.308,12.4,5.3,"Ethiopia",729570349
1989,05,11,20:53:51,8.946,39.982,10,4.9,"Ethiopia",610923231
1985,10,28,12:08:36,9.463,39.648,10,4.7,"Ethiopia",499349316
1985,08,14,20:37:44,8.301,38.524,33,4.9,"Ethiopia",492899864
1977,07,08,06:23:02,10.94,39.629,38,5,"Ethiopia",237190982
1975,08,23,21:35:21,10.617,39.732,33,5.2,"Ethiopia",178061721
1974,02,25,16:05:15,9.843,40.032,33,4.5,"Ethiopia",131040315
